{
    "loss": 1.3707579374313354,
    "accuracy": 0.8324742317199707
}